<?xml version="1.0" encoding="UTF-8"?>
<project-private xmlns="http://www.netbeans.org/ns/project-private/1">
    <editor-bookmarks xmlns="http://www.netbeans.org/ns/editor-bookmarks/2" lastBookmarkId="0"/>
    <open-files xmlns="http://www.netbeans.org/ns/projectui-open-files/2">
        <group>
            <file>file:/C:/Users/Luiz/Downloads/agendaContatos-final/agendaContatos-final/agendaContatosCerto/src/net/LFDPoo/visão/TelaPrincipal.java</file>
            <file>file:/C:/Users/Luiz/Downloads/agendaContatos-final/agendaContatos-final/agendaContatosCerto/src/net/LFDPoo/persistencia/contatoDAO.java</file>
            <file>file:/C:/Users/Luiz/Downloads/agendaContatos-final/agendaContatos-final/agendaContatosCerto/src/net/LFDPoo/controle/controleContato.java</file>
        </group>
    </open-files>
</project-private>
